{
  "username": "leonardokr",
  "languages": {
    "PowerShell": 3.3631825971435796,
    "HTML": 0.1736501419022854,
    "CSS": 0.06531248032848125,
    "Python": 89.80151908480622,
    "TypeScript": 4.576594787494128,
    "JavaScript": 1.2932345044332767,
    "Dockerfile": 0.0036213822937738232,
    "Kotlin": 0.4118714744688902,
    "Batchfile": 0.018428947142644304,
    "TeX": 0.06886702502958475,
    "C++": 0.22371757495714498
  }
}