{
  "username": "leonardokr",
  "languages": {
    "TypeScript": 4.602684528077979,
    "JavaScript": 1.300606831305419,
    "PowerShell": 2.7998507746792374,
    "HTML": 0.17464006724305609,
    "CSS": 0.06568480642414394,
    "Python": 90.32588500178588,
    "Dockerfile": 0.0036420266656237597,
    "Kotlin": 0.4142194253847425,
    "Batchfile": 0.01853400482690749,
    "TeX": 0.06925961447681156,
    "C++": 0.22499291913020336
  }
}