{
  "username": "leonardokr",
  "languages": {
    "Python": 87.78825449210194,
    "Dockerfile": 0.0035397069597765756,
    "PowerShell": 2.7093249660045595,
    "JavaScript": 4.854636826065927,
    "TypeScript": 3.704089525603247,
    "Kotlin": 0.40258227561821336,
    "Batchfile": 0.018013307397654957,
    "TeX": 0.06731382329212703,
    "C++": 0.21867193045639888,
    "HTML": 0.16973370000579657,
    "CSS": 0.06383944649435976
  }
}