{
  "username": "leonardokr",
  "languages": {
    "PowerShell": 3.7341946572631715,
    "HTML": 0.1729834571063794,
    "CSS": 0.06506172995683797,
    "Python": 89.45674938426205,
    "TypeScript": 4.559024135789381,
    "JavaScript": 1.288269465118009,
    "Dockerfile": 0.003607478933321744,
    "Kotlin": 0.4102902004953262,
    "Batchfile": 0.01835819396772626,
    "TeX": 0.06860262790313532,
    "C++": 0.2228586692046532
  }
}