{
  "username": "leonardokr",
  "languages": {
    "Python": 36.58141942844622,
    "Dockerfile": 0.0013614971973488817,
    "PowerShell": 1.0421027474419502,
    "JavaScript": 1.8672659934687426,
    "TypeScript": 1.4247245789398588,
    "Kotlin": 0.4895633244453761,
    "Batchfile": 0.006928558724092547,
    "TeX": 0.025891290662335947,
    "C++": 0.08410900219662497,
    "HTML": 0.24364175097859897,
    "CSS": 0.02455492176896498,
    "Rich Text Format": 50.23174007245815,
    "XSLT": 7.9189931097733615,
    "Roff": 0.04942737392455999,
    "Shell": 0.00827634957381711
  }
}