{
  "username": "leonardokr",
  "languages": {
    "Java": 2.9927873277393124,
    "Python": 84.02012711984224,
    "Kotlin": 0.3833513589815573,
    "Batchfile": 0.017152831331283664,
    "TypeScript": 7.2720935593352225,
    "JavaScript": 1.247705886571205,
    "CSS": 0.08769264840846835,
    "Dockerfile": 0.006469778781071056,
    "HTML": 0.16331667101378491,
    "PowerShell": 3.5369782920824613,
    "TeX": 0.06409831530127566,
    "C++": 0.2082262106121112
  }
}