{
  "username": "leonardokr",
  "languages": {
    "Python": {
      "size": 16013640,
      "occurrences": 8,
      "color": "#3572A5",
      "prop": 36.58141942844622
    },
    "Dockerfile": {
      "size": 596,
      "occurrences": 1,
      "color": "#384d54",
      "prop": 0.0013614971973488817
    },
    "PowerShell": {
      "size": 456184,
      "occurrences": 4,
      "color": "#012456",
      "prop": 1.0421027474419502
    },
    "JavaScript": {
      "size": 817402,
      "occurrences": 2,
      "color": "#f1e05a",
      "prop": 1.8672659934687426
    },
    "TypeScript": {
      "size": 623678,
      "occurrences": 1,
      "color": "#3178c6",
      "prop": 1.4247245789398588
    },
    "Kotlin": {
      "size": 214308,
      "occurrences": 3,
      "color": "#A97BFF",
      "prop": 0.4895633244453761
    },
    "Batchfile": {
      "size": 3033,
      "occurrences": 2,
      "color": "#C1F12E",
      "prop": 0.006928558724092547
    },
    "TeX": {
      "size": 11334,
      "occurrences": 1,
      "color": "#3D6117",
      "prop": 0.025891290662335947
    },
    "C++": {
      "size": 36819,
      "occurrences": 1,
      "color": "#f34b7d",
      "prop": 0.08410900219662497
    },
    "HTML": {
      "size": 106655,
      "occurrences": 2,
      "color": "#e34c26",
      "prop": 0.24364175097859897
    },
    "CSS": {
      "size": 10749,
      "occurrences": 1,
      "color": "#663399",
      "prop": 0.02455492176896498
    },
    "Rich Text Format": {
      "size": 21989114,
      "occurrences": 1,
      "color": null,
      "prop": 50.23174007245815
    },
    "XSLT": {
      "size": 3466566,
      "occurrences": 1,
      "color": "#EB8CEB",
      "prop": 7.9189931097733615
    },
    "Roff": {
      "size": 21637,
      "occurrences": 1,
      "color": "#ecdebe",
      "prop": 0.04942737392455999
    },
    "Shell": {
      "size": 3623,
      "occurrences": 1,
      "color": "#89e051",
      "prop": 0.00827634957381711
    }
  }
}