{
  "username": "leonardokr",
  "languages": {
    "PowerShell": {
      "size": 621338,
      "occurrences": 4,
      "color": "#012456",
      "prop": 3.759632978671908
    },
    "HTML": {
      "size": 28579,
      "occurrences": 1,
      "color": "#e34c26",
      "prop": 0.1729276994123399
    },
    "CSS": {
      "size": 10749,
      "occurrences": 1,
      "color": "#663399",
      "prop": 0.0650407586333756
    },
    "Python": {
      "size": 14780282,
      "occurrences": 5,
      "color": "#3572A5",
      "prop": 89.43350582335344
    },
    "TypeScript": {
      "size": 753207,
      "occurrences": 1,
      "color": "#3178c6",
      "prop": 4.557554627218248
    },
    "JavaScript": {
      "size": 212838,
      "occurrences": 2,
      "color": "#f1e05a",
      "prop": 1.2878542176956367
    },
    "Dockerfile": {
      "size": 596,
      "occurrences": 1,
      "color": "#384d54",
      "prop": 0.003606316135965379
    },
    "Kotlin": {
      "size": 67785,
      "occurrences": 2,
      "color": "#A97BFF",
      "prop": 0.4101579518060625
    },
    "Batchfile": {
      "size": 3033,
      "occurrences": 2,
      "color": "#C1F12E",
      "prop": 0.01835227657782382
    },
    "TeX": {
      "size": 11334,
      "occurrences": 1,
      "color": "#3D6117",
      "prop": 0.06858051524334163
    },
    "C++": {
      "size": 36819,
      "occurrences": 1,
      "color": "#f34b7d",
      "prop": 0.22278683525186124
    }
  }
}