{
  "username": "leonardokr",
  "languages": {
    "PowerShell": 3.773616099111184,
    "HTML": 0.17243910372695695,
    "CSS": 0.06485699030620597,
    "Python": 89.43875503540707,
    "TypeScript": 4.544677560476925,
    "JavaScript": 1.2842154714663938,
    "Dockerfile": 0.003596126730160829,
    "Kotlin": 0.4089990778589796,
    "Batchfile": 0.01830042344392248,
    "TeX": 0.06838674556987054,
    "C++": 0.22215736590233487
  }
}