{
  "username": "leonardokr",
  "languages": {
    "Python": {
      "size": 16006259,
      "occurrences": 8,
      "color": "#3572A5",
      "prop": 36.57072455997889
    },
    "Dockerfile": {
      "size": 596,
      "occurrences": 1,
      "color": "#384d54",
      "prop": 0.0013617267993568903
    },
    "PowerShell": {
      "size": 456184,
      "occurrences": 4,
      "color": "#012456",
      "prop": 1.042278486976214
    },
    "JavaScript": {
      "size": 817402,
      "occurrences": 2,
      "color": "#f1e05a",
      "prop": 1.867580887999867
    },
    "TypeScript": {
      "size": 623678,
      "occurrences": 1,
      "color": "#3178c6",
      "prop": 1.424964843572662
    },
    "Kotlin": {
      "size": 214308,
      "occurrences": 3,
      "color": "#A97BFF",
      "prop": 0.4896458840882155
    },
    "Batchfile": {
      "size": 3033,
      "occurrences": 2,
      "color": "#C1F12E",
      "prop": 0.006929727151760818
    },
    "TeX": {
      "size": 11334,
      "occurrences": 1,
      "color": "#3D6117",
      "prop": 0.025895656952870796
    },
    "C++": {
      "size": 36819,
      "occurrences": 1,
      "color": "#f34b7d",
      "prop": 0.08412318628443179
    },
    "HTML": {
      "size": 106655,
      "occurrences": 2,
      "color": "#e34c26",
      "prop": 0.24368283856612272
    },
    "CSS": {
      "size": 10749,
      "occurrences": 1,
      "color": "#663399",
      "prop": 0.024559062695112776
    },
    "Rich Text Format": {
      "size": 21989114,
      "occurrences": 1,
      "color": null,
      "prop": 50.24021112066072
    },
    "XSLT": {
      "size": 3466566,
      "occurrences": 1,
      "color": "#EB8CEB",
      "prop": 7.92032856365674
    },
    "Roff": {
      "size": 21637,
      "occurrences": 1,
      "color": "#ecdebe",
      "prop": 0.04943570932497489
    },
    "Shell": {
      "size": 3623,
      "occurrences": 1,
      "color": "#89e051",
      "prop": 0.00827774529206378
    }
  }
}