{
  "username": "leonardokr",
  "languages": {
    "PowerShell": {
      "size": 458182,
      "occurrences": 4,
      "color": "#012456",
      "prop": 2.799741792804613
    },
    "HTML": {
      "size": 28579,
      "occurrences": 1,
      "color": "#e34c26",
      "prop": 0.1746332695229473
    },
    "CSS": {
      "size": 10749,
      "occurrences": 1,
      "color": "#663399",
      "prop": 0.06568224969740581
    },
    "TypeScript": {
      "size": 753844,
      "occurrences": 1,
      "color": "#3178c6",
      "prop": 4.606397789644729
    },
    "JavaScript": {
      "size": 212838,
      "occurrences": 2,
      "color": "#f1e05a",
      "prop": 1.3005562062607179
    },
    "Python": {
      "size": 14781393,
      "occurrences": 5,
      "color": "#3572A5",
      "prop": 90.32236914145373
    },
    "Dockerfile": {
      "size": 596,
      "occurrences": 1,
      "color": "#384d54",
      "prop": 0.0036418849027494518
    },
    "Kotlin": {
      "size": 67785,
      "occurrences": 2,
      "color": "#A97BFF",
      "prop": 0.41420330223636176
    },
    "Batchfile": {
      "size": 3033,
      "occurrences": 2,
      "color": "#C1F12E",
      "prop": 0.01853328340610585
    },
    "TeX": {
      "size": 11334,
      "occurrences": 1,
      "color": "#3D6117",
      "prop": 0.069256918603628
    },
    "C++": {
      "size": 36819,
      "occurrences": 1,
      "color": "#f34b7d",
      "prop": 0.22498416146700012
    }
  }
}