{
  "username": "leonardokr",
  "languages": {
    "Python": 89.44536864110289,
    "PowerShell": 3.771253005649137,
    "HTML": 0.17233111984414642,
    "CSS": 0.06481637591254873,
    "TypeScript": 4.541831617077224,
    "JavaScript": 1.2834112770001902,
    "Dockerfile": 0.003593874783131365,
    "Kotlin": 0.40874295666872407,
    "Batchfile": 0.018288963451740654,
    "TeX": 0.06834392079196458,
    "C++": 0.2220182477183116
  }
}