{
  "username": "leonardokr",
  "languages": {
    "Java": {
      "size": 529191,
      "occurrences": 2,
      "color": "#b07219",
      "prop": 2.9927873277393124
    },
    "Python": {
      "size": 14856617,
      "occurrences": 6,
      "color": "#3572A5",
      "prop": 84.02012711984224
    },
    "Kotlin": {
      "size": 67785,
      "occurrences": 2,
      "color": "#A97BFF",
      "prop": 0.3833513589815573
    },
    "Batchfile": {
      "size": 3033,
      "occurrences": 2,
      "color": "#C1F12E",
      "prop": 0.017152831331283664
    },
    "TypeScript": {
      "size": 1285867,
      "occurrences": 2,
      "color": "#3178c6",
      "prop": 7.2720935593352225
    },
    "JavaScript": {
      "size": 220622,
      "occurrences": 3,
      "color": "#f1e05a",
      "prop": 1.247705886571205
    },
    "CSS": {
      "size": 15506,
      "occurrences": 2,
      "color": "#663399",
      "prop": 0.08769264840846835
    },
    "Dockerfile": {
      "size": 1144,
      "occurrences": 2,
      "color": "#384d54",
      "prop": 0.006469778781071056
    },
    "HTML": {
      "size": 28878,
      "occurrences": 2,
      "color": "#e34c26",
      "prop": 0.16331667101378491
    },
    "PowerShell": {
      "size": 625416,
      "occurrences": 4,
      "color": "#012456",
      "prop": 3.5369782920824613
    },
    "TeX": {
      "size": 11334,
      "occurrences": 1,
      "color": "#3D6117",
      "prop": 0.06409831530127566
    },
    "C++": {
      "size": 36819,
      "occurrences": 1,
      "color": "#f34b7d",
      "prop": 0.2082262106121112
    }
  }
}