{
  "username": "leonardokr",
  "languages": {
    "PowerShell": 3.5021264143356845,
    "HTML": 0.17340046880438864,
    "CSS": 0.06521857444901408,
    "Python": 89.67240301717665,
    "TypeScript": 4.570014587870364,
    "JavaScript": 1.291375099877129,
    "Dockerfile": 0.003616175492753967,
    "Kotlin": 0.4112792882153149,
    "Batchfile": 0.018402450116648962,
    "TeX": 0.06876800844777427,
    "C++": 0.22339591521427568
  }
}