{
  "username": "leonardokr",
  "languages": {
    "PowerShell": 2.799741792804613,
    "HTML": 0.1746332695229473,
    "CSS": 0.06568224969740581,
    "TypeScript": 4.606397789644729,
    "JavaScript": 1.3005562062607179,
    "Python": 90.32236914145373,
    "Dockerfile": 0.0036418849027494518,
    "Kotlin": 0.41420330223636176,
    "Batchfile": 0.01853328340610585,
    "TeX": 0.069256918603628,
    "C++": 0.22498416146700012
  }
}