{
  "username": "leonardokr",
  "languages": {
    "PowerShell": 3.0930611508251102,
    "HTML": 0.1741355327579104,
    "CSS": 0.0654950432700507,
    "Python": 90.0525343486436,
    "TypeScript": 4.58938739011118,
    "JavaScript": 1.2968493831529493,
    "Dockerfile": 0.003631504864540908,
    "Kotlin": 0.4130227470518548,
    "Batchfile": 0.018480460157974117,
    "TeX": 0.06905952371595075,
    "C++": 0.22434291544887866
  }
}