{
  "username": "leonardokr",
  "languages": {
    "TypeScript": 4.606343183944904,
    "JavaScript": 1.3005407890551168,
    "PowerShell": 2.8008940354820484,
    "Python": 90.32129843145388,
    "Dockerfile": 0.0036418417306911814,
    "Kotlin": 0.41419839213909687,
    "Batchfile": 0.01853306370668851,
    "TeX": 0.06925609761015747,
    "C++": 0.22498149443342047,
    "HTML": 0.17463119936480415,
    "CSS": 0.06568147107919381
  }
}