{
  "username": "leonardokr",
  "languages": {
    "Python": 89.45371831319693,
    "PowerShell": 3.752441232561395,
    "HTML": 0.17259690858336704,
    "CSS": 0.0649163431317615,
    "TypeScript": 4.548836548631938,
    "JavaScript": 1.285390700481706,
    "Dockerfile": 0.0035994176673671842,
    "Kotlin": 0.40937336674913516,
    "Batchfile": 0.018317170780410518,
    "TeX": 0.0684493285938585,
    "C++": 0.22236066962213483
  }
}