{
  "username": "leonardokr",
  "languages": {
    "Python": 89.4607674948907,
    "PowerShell": 3.7499330841135254,
    "HTML": 0.17248154404024935,
    "CSS": 0.06487295275862137,
    "TypeScript": 4.545796086004552,
    "JavaScript": 1.2845315396073549,
    "Dockerfile": 0.0035970118005524553,
    "Kotlin": 0.4090997397658527,
    "Batchfile": 0.018304927501804694,
    "TeX": 0.06840357675748578,
    "C++": 0.22221204275929674
  }
}