{
  "username": "leonardokr",
  "languages": {
    "TypeScript": {
      "size": 753844,
      "occurrences": 1,
      "color": "#3178c6",
      "prop": 4.606343183944904
    },
    "JavaScript": {
      "size": 212838,
      "occurrences": 2,
      "color": "#f1e05a",
      "prop": 1.3005407890551168
    },
    "PowerShell": {
      "size": 458376,
      "occurrences": 4,
      "color": "#012456",
      "prop": 2.8008940354820484
    },
    "Python": {
      "size": 14781393,
      "occurrences": 5,
      "color": "#3572A5",
      "prop": 90.32129843145388
    },
    "Dockerfile": {
      "size": 596,
      "occurrences": 1,
      "color": "#384d54",
      "prop": 0.0036418417306911814
    },
    "Kotlin": {
      "size": 67785,
      "occurrences": 2,
      "color": "#A97BFF",
      "prop": 0.41419839213909687
    },
    "Batchfile": {
      "size": 3033,
      "occurrences": 2,
      "color": "#C1F12E",
      "prop": 0.01853306370668851
    },
    "TeX": {
      "size": 11334,
      "occurrences": 1,
      "color": "#3D6117",
      "prop": 0.06925609761015747
    },
    "C++": {
      "size": 36819,
      "occurrences": 1,
      "color": "#f34b7d",
      "prop": 0.22498149443342047
    },
    "HTML": {
      "size": 28579,
      "occurrences": 1,
      "color": "#e34c26",
      "prop": 0.17463119936480415
    },
    "CSS": {
      "size": 10749,
      "occurrences": 1,
      "color": "#663399",
      "prop": 0.06568147107919381
    }
  }
}