{
  "username": "leonardokr",
  "languages": {
    "Python": {
      "size": 14781393,
      "occurrences": 5,
      "color": "#3572A5",
      "prop": 87.78825449210194
    },
    "Dockerfile": {
      "size": 596,
      "occurrences": 1,
      "color": "#384d54",
      "prop": 0.0035397069597765756
    },
    "PowerShell": {
      "size": 456184,
      "occurrences": 4,
      "color": "#012456",
      "prop": 2.7093249660045595
    },
    "JavaScript": {
      "size": 817402,
      "occurrences": 2,
      "color": "#f1e05a",
      "prop": 4.854636826065927
    },
    "TypeScript": {
      "size": 623678,
      "occurrences": 1,
      "color": "#3178c6",
      "prop": 3.704089525603247
    },
    "Kotlin": {
      "size": 67785,
      "occurrences": 2,
      "color": "#A97BFF",
      "prop": 0.40258227561821336
    },
    "Batchfile": {
      "size": 3033,
      "occurrences": 2,
      "color": "#C1F12E",
      "prop": 0.018013307397654957
    },
    "TeX": {
      "size": 11334,
      "occurrences": 1,
      "color": "#3D6117",
      "prop": 0.06731382329212703
    },
    "C++": {
      "size": 36819,
      "occurrences": 1,
      "color": "#f34b7d",
      "prop": 0.21867193045639888
    },
    "HTML": {
      "size": 28579,
      "occurrences": 1,
      "color": "#e34c26",
      "prop": 0.16973370000579657
    },
    "CSS": {
      "size": 10749,
      "occurrences": 1,
      "color": "#663399",
      "prop": 0.06383944649435976
    }
  }
}