{
  "username": "leonardokr",
  "languages": {
    "PowerShell": 3.5630201187151904,
    "HTML": 0.1732910467363752,
    "CSS": 0.06517741913185546,
    "Python": 89.6158164355513,
    "TypeScript": 4.567130740724481,
    "JavaScript": 1.2905601947330776,
    "Dockerfile": 0.0036138935531292073,
    "Kotlin": 0.4110197558705761,
    "Batchfile": 0.018390837494363904,
    "TeX": 0.06872461330732624,
    "C++": 0.22325494418232264
  }
}