{
  "username": "leonardokr",
  "languages": {
    "PowerShell": 3.759632978671908,
    "HTML": 0.1729276994123399,
    "CSS": 0.0650407586333756,
    "Python": 89.43350582335344,
    "TypeScript": 4.557554627218248,
    "JavaScript": 1.2878542176956367,
    "Dockerfile": 0.003606316135965379,
    "Kotlin": 0.4101579518060625,
    "Batchfile": 0.01835227657782382,
    "TeX": 0.06858051524334163,
    "C++": 0.22278683525186124
  }
}