{
  "username": "leonardokr",
  "languages": {
    "Python": 36.57072455997889,
    "Dockerfile": 0.0013617267993568903,
    "PowerShell": 1.042278486976214,
    "JavaScript": 1.867580887999867,
    "TypeScript": 1.424964843572662,
    "Kotlin": 0.4896458840882155,
    "Batchfile": 0.006929727151760818,
    "TeX": 0.025895656952870796,
    "C++": 0.08412318628443179,
    "HTML": 0.24368283856612272,
    "CSS": 0.024559062695112776,
    "Rich Text Format": 50.24021112066072,
    "XSLT": 7.92032856365674,
    "Roff": 0.04943570932497489,
    "Shell": 0.00827774529206378
  }
}