{
  "username": "leonardokr",
  "languages": {
    "PowerShell": 3.695687465420806,
    "HTML": 0.17305265205202636,
    "CSS": 0.06508775523661539,
    "Python": 89.49253289220519,
    "TypeScript": 4.560847786631815,
    "JavaScript": 1.2887847845428175,
    "Dockerfile": 0.0036089219574865364,
    "Kotlin": 0.4104543202822565,
    "Batchfile": 0.0183655374111689,
    "TeX": 0.06863006957408122,
    "C++": 0.22294781468573283
  }
}