{
  "username": "leonardokr",
  "languages": {
    "PowerShell": 3.686857832317868,
    "HTML": 0.1730685183344897,
    "CSS": 0.06509372278867104,
    "Python": 89.50073798925739,
    "TypeScript": 4.561265946644948,
    "JavaScript": 1.288902946403867,
    "Dockerfile": 0.0036092528404547343,
    "Kotlin": 0.41049195266816135,
    "Batchfile": 0.018367221250166457,
    "TeX": 0.06863636190220464,
    "C++": 0.22296825559178332
  }
}