{
  "username": "leonardokr",
  "languages": {
    "PowerShell": 3.489747525196174,
    "HTML": 0.17342271287154068,
    "CSS": 0.06522694078365901,
    "Python": 89.68390632491366,
    "TypeScript": 4.570600836062652,
    "JavaScript": 1.29154075937412,
    "Dockerfile": 0.0036166393810643568,
    "Kotlin": 0.41133204772726073,
    "Batchfile": 0.018404810810013744,
    "TeX": 0.06877683010903259,
    "C++": 0.22342457277081967
  }
}