{
  "username": "leonardokr",
  "languages": {
    "PowerShell": {
      "size": 553506,
      "occurrences": 4,
      "color": "#012456",
      "prop": 3.3631825971435796
    },
    "HTML": {
      "size": 28579,
      "occurrences": 1,
      "color": "#e34c26",
      "prop": 0.1736501419022854
    },
    "CSS": {
      "size": 10749,
      "occurrences": 1,
      "color": "#663399",
      "prop": 0.06531248032848125
    },
    "Python": {
      "size": 14779358,
      "occurrences": 5,
      "color": "#3572A5",
      "prop": 89.80151908480622
    },
    "TypeScript": {
      "size": 753207,
      "occurrences": 1,
      "color": "#3178c6",
      "prop": 4.576594787494128
    },
    "JavaScript": {
      "size": 212838,
      "occurrences": 2,
      "color": "#f1e05a",
      "prop": 1.2932345044332767
    },
    "Dockerfile": {
      "size": 596,
      "occurrences": 1,
      "color": "#384d54",
      "prop": 0.0036213822937738232
    },
    "Kotlin": {
      "size": 67785,
      "occurrences": 2,
      "color": "#A97BFF",
      "prop": 0.4118714744688902
    },
    "Batchfile": {
      "size": 3033,
      "occurrences": 2,
      "color": "#C1F12E",
      "prop": 0.018428947142644304
    },
    "TeX": {
      "size": 11334,
      "occurrences": 1,
      "color": "#3D6117",
      "prop": 0.06886702502958475
    },
    "C++": {
      "size": 36819,
      "occurrences": 1,
      "color": "#f34b7d",
      "prop": 0.22371757495714498
    }
  }
}