{
  "username": "leonardokr",
  "languages": {
    "Python": 36.7134115886577,
    "Dockerfile": 0.0013658724485055775,
    "PowerShell": 1.0454516057870273,
    "JavaScript": 1.8732665623378455,
    "TypeScript": 1.4293030149984254,
    "Kotlin": 0.15534507369454792,
    "Batchfile": 0.006950824054223852,
    "TeX": 0.025974493844567476,
    "C++": 0.08437929141195781,
    "HTML": 0.24442470804591,
    "CSS": 0.02463383045131955,
    "Rich Text Format": 50.39316271753066,
    "XSLT": 7.944441258936553,
    "Roff": 0.049586211691803994,
    "Shell": 0.008302946108952528
  }
}