{
  "username": "leonardokr",
  "languages": {
    "PowerShell": 3.487557173478776,
    "HTML": 0.17342664879261882,
    "CSS": 0.06522842114391195,
    "Python": 89.68594174905985,
    "TypeScript": 4.570704568289375,
    "JavaScript": 1.29157007158135,
    "Dockerfile": 0.0036167214626264326,
    "Kotlin": 0.4113413831277395,
    "Batchfile": 0.01840522851702344,
    "TeX": 0.06877839103591944,
    "C++": 0.22342964351080977
  }
}